CRI,EV,EDP,III,EPI,RDP
0.039381058464392875,0.15590821438447935,0.06091181849279469,0.056496133304172684,0.26259598787643945,0.42470678747772095
